<!--
    The "isNoteOnly" attribute on the highlight element indicates that the child
    text element contains automatically selected context around a user's note, but
    was not text explicitly highlighted by the user.
-->
<book>
  <title>Influx</title>
  <authors>Daniel Suarez</authors>
  <highlights>
    <highlight isNoteOnly="false">
      <text>truly disruptive innovation rarely came from the expected sources. They’d had so much more luck investing in eccentric B and C students. The rationale was simple: Those heavily invested in the status quo had difficulty thinking outside of it—and were often tainted by it.</text>
      <location url="kindle://book?action=open&amp;asin=B00DMCPOBI&amp;location=327">327</location>
    </highlight>
    <highlight isNoteOnly="false">
      <text>“I never could get used to all this high-tech crap.” He looked down at Grady again. “But it’s like they say: Anything before you’re thirty-five is new and exciting, and anything after that is proof the world’s going to hell.”</text>
      <location url="kindle://book?action=open&amp;asin=B00DMCPOBI&amp;location=902">902</location>
    </highlight>
    <highlight isNoteOnly="false">
      <text>“The human mind has been determined to be a quantum device.</text>
      <location url="kindle://book?action=open&amp;asin=B00DMCPOBI&amp;location=1233">1233</location>
    </highlight>
    <highlight isNoteOnly="false">
      <text>And all at once he noticed something about the people around him. It was as though they knew, somewhere deep down, that the future was overdue. The power armor. The laser rifles. The robots. They thought they were pretending, but Grady, alone among them, knew that the future had already happened. It was as though they sensed it. They’d re-created that future in foam and rubber—determined to live in it. A slight grin stole across his face as he appraised them, and Grady no longer had any doubt. Hedrick was wrong. These people were ready for the future. Impatient even.</text>
      <location url="kindle://book?action=open&amp;asin=B00DMCPOBI&amp;location=2614">2614</location>
    </highlight>
    <highlight isNoteOnly="false">
      <text>all of the guards inexplicably wearing MOPP biological protection gear. She figured somebody must have grabbed the wrong binder. Or perhaps they didn’t have a binder for the scenario where Site R and all its high-value occupants fell into the sky.</text>
      <location url="kindle://book?action=open&amp;asin=B00DMCPOBI&amp;location=4243">4243</location>
    </highlight>
    <highlight isNoteOnly="false">
      <text>“That was your first mistake, Mr. Grady. A thing can’t exist in people’s minds until it has a name. But with a name, it can exist in people’s minds without existing at all. You should always come up with a name before you set out to create anything.”</text>
      <location url="kindle://book?action=open&amp;asin=B00DMCPOBI&amp;location=4400">4400</location>
    </highlight>
    <highlight isNoteOnly="false">
      <text>“It’s a bit more than that. Weightlessness is all well and good, but watch the direction of down near walls and furniture. They were designed with a pretty boring direction for down in mind, so don’t go wrecking anything.”</text>
      <location url="kindle://book?action=open&amp;asin=B00DMCPOBI&amp;location=4460">4460</location>
    </highlight>
    <highlight isNoteOnly="false">
      <text>“I’ve always been your friend, Alexa. Now go. I will try to kill you as unsuccessfully as I can.”</text>
      <location url="kindle://book?action=open&amp;asin=B00DMCPOBI&amp;location=4962">4962</location>
    </highlight>
    <highlight isNoteOnly="false">
      <text>The structure was an ominous, obsidian volcano in the middle of downtown.</text>
      <location url="kindle://book?action=open&amp;asin=B00DMCPOBI&amp;location=4988">4988</location>
    </highlight>
    <highlight isNoteOnly="false">
      <text>“Cotton, you son of a bitch. You really did steal back the future . . .”</text>
      <location url="kindle://book?action=open&amp;asin=B00DMCPOBI&amp;location=5616">5616</location>
    </highlight>
    <highlight isNoteOnly="false">
      <text>37° 17&#x27; 6.88&quot; S and 12° 40&#x27; 22.14&quot; W,</text>
      <location url="kindle://book?action=open&amp;asin=B00DMCPOBI&amp;location=5623">5623</location>
    </highlight>
    <highlight isNoteOnly="false">
      <text>Physics of the Future: How Science Will Shape Human Destiny and Our Daily Lives by the Year 2100 by Michio Kaku (Doubleday) The Covert Sphere: Secrecy, Fiction, and the National Security State by Timothy Melley (Cornell University Press) God’s Jury: The Inquisition and the Making of the Modern World by Cullen Murphy (Houghton Mifflin Harcourt) Warped Passages: Unraveling the Mysteries of the Universe’s Hidden Dimensions by Lisa Randall (Ecco) Legacy of Ashes: The History of the CIA by Tim Weiner (Doubleday)</text>
      <location url="kindle://book?action=open&amp;asin=B00DMCPOBI&amp;location=5668">5668</location>
    </highlight>
  </highlights>
</book>